<?xml version="1.0" encoding="UTF-8"?>
<?xml-stylesheet href="burgerownia.css" type="text/css" ?>

<burgerownia xmlns:xs="http://www.w3.org/2001/XMLSchema-instance" xs:noNamespaceSchemaLocation="burgerownia.xsd" xs:schemaLocation="burgerownia.xsd">
	<metadane>
		<autor>
			<imie>Stanisław</imie>
			<nazwisko>Zakrzewski</nazwisko>
		</autor>
		<autor>
			<imie>Maciej</imie>
			<nazwisko>Socha</nazwisko>
		</autor>
		<data_modyfikacji>2019-04-11</data_modyfikacji>
		<nazwa_projektu>Burgerownia</nazwa_projektu>
	</metadane>

	<lista_alergenów>
		<alergen idAlergenu="gluten">gluten</alergen>
		<alergen idAlergenu="laktoza">laktoza</alergen>
		<alergen idAlergenu="sezam">sezam</alergen>
		<alergen idAlergenu="jaja">jaja</alergen>
		<alergen idAlergenu="ryby">tyby</alergen>
		<alergen idAlergenu="orzech">orzech</alergen>
		<alergen idAlergenu="skorupiak">skorupiak</alergen>
		<alergen idAlergenu="gorczyca">gorczyca</alergen>
		<alergen idAlergenu="soja">soja</alergen>
	</lista_alergenów>

	<lista_składników>
		<składnik idSkładnika="ser" alergeny="laktoza">ser</składnik>
		<składnik idSkładnika="mięso-wieprzowe">mięso wieprzowe</składnik> 
		<składnik idSkładnika="mięso-wołowe">mięso wołowe</składnik>
		<składnik idSkładnika="mięso-drobiowe">mięso drobiowe</składnik>
		<składnik idSkładnika="boczek">boczek</składnik>
		<składnik idSkładnika="bułka-pszenna-sezam" alergeny="gluten sezam">bułka pszenna z sezamem</składnik> 
		<składnik idSkładnika="bułka-pszenna" alergeny="gluten">bułka pszenna</składnik>
		<składnik idSkładnika="bułka-żytnia">bułka żytnia</składnik>
		<składnik idSkładnika="sałata">stałata</składnik>
		<składnik idSkładnika="pomidor">pomidor</składnik>
		<składnik idSkładnika="ogórek">ogórek</składnik>
		<składnik idSkładnika="ketchup">ketchup</składnik>
		<składnik idSkładnika="łosoś" alergeny="ryby">łosoś</składnik>
		<składnik idSkładnika="cebula">cebula</składnik>
		<składnik idSkładnika="papryka">papryka</składnik>
		<składnik idSkładnika="falafel">falafel</składnik>
		<składnik idSkładnika="piri-piri">piri-piri</składnik>
		<składnik idSkładnika="majonez">majonez</składnik>
		<składnik idSkładnika="rukola">rukola</składnik>
		<składnik idSkładnika="jajko" alergeny="jaja">jajko</składnik>
		<składnik idSkładnika="prażone-orzechy" alergeny="orzech">prażone orzechy</składnik>
		<składnik idSkładnika="krewetki" alergeny="skorupiak">krewetki</składnik>
		<składnik idSkładnika="musztarda" alergeny="gorczyca">musztarda</składnik>
		<składnik idSkładnika="sos-sojowy" alergeny="soja">sos sojowy</składnik>
		<składnik idSkładnika="sos-serowy-chili" alergeny="laktoza">sos serowy chili</składnik>
		<składnik idSkładnika="chili">chili</składnik>
	</lista_składników>

	<burger mięsność="mięsny" 
			data_wprowadzenia="2018-03-12"
			składniki="ser mięso-wołowe bułka-pszenna-sezam ogórek cebula sos-serowy-chili">
		<nazwa>CheeseBurger</nazwa>
		<cena waluta="zł">11.99</cena>
		<kaloryczność jednostka="kcal">500</kaloryczność>
	</burger>
	<burger mięsność="mięsny"
			data_wprowadzenia="2018-03-10"
			składniki="mięso-wołowe bułka-pszenna cebula ketchup sałata">
		<nazwa>HamBurger</nazwa>
		<cena waluta="zł">9.99</cena>
		<kaloryczność jednostka="kcal">450</kaloryczność>
	</burger>
	<burger mięsność="wegański"
			data_wprowadzenia="2018-03-15"
			składniki="bułka-żytnia falafel ogórek pomidor">
		<nazwa>FalafelBurger</nazwa>
		<cena waluta="zł">29.99</cena>
		<kaloryczność jednostka="kcal">100</kaloryczność>
	</burger>
	<burger mięsność="wegański"
			data_wprowadzenia="2018-03-15"
			składniki="bułka-żytnia falafel pomidor ogórek rukola prażone-orzechy musztarda">
		<nazwa>FalafelBurger de Luxe</nazwa>
		<cena waluta="zł">14.99</cena>
		<kaloryczność jednostka="kcal">380</kaloryczność>
	</burger>
	<burger mięsność="mięsny" 
			data_wprowadzenia="2018-07-11"
			składniki="ser jajko cebula boczek musztarda pomidor">
		<nazwa>Angielskie Śniadanko</nazwa>
		<cena waluta="zł">13.99</cena>
		<kaloryczność jednostka="kcal">680</kaloryczność>
	</burger>
	<burger mięsność="mięsny" 
			data_wprowadzenia="2018-08-12"
			składniki="bułka-pszenna-sezam mięso-drobiowe krewetki sos-sojowy">
		<nazwa>Złoty Kurczak</nazwa>
		<cena waluta="zł">11.99</cena>
		<kaloryczność jednostka="kcal">480</kaloryczność>
	</burger>
	<burger mięsność="mięsny" 
			data_wprowadzenia="2018-08-12"
			składniki="bułka-pszenna-sezam mięso-drobiowe krewetki sos-sojowy piri-piri">
		<nazwa>Kurczak Pikantny</nazwa>
		<cena waluta="zł">12.99</cena>
		<kaloryczność jednostka="kcal">490</kaloryczność>
	</burger>
	<burger mięsność="mięsny" 
			data_wprowadzenia="2018-11-15"
			składniki="bułka-pszenna pomidor mięso-wołowe rukola ser">
		<nazwa>Włoski</nazwa>
		<cena waluta="zł">13.99</cena>
		<kaloryczność jednostka="kcal">540</kaloryczność>
	</burger>
	<burger mięsność="mięsny" 
			data_wprowadzenia="2018-08-05"
			składniki="bułka-żytnia mięso-wieprzowe pomidor ogórek sałata jajko">
		<nazwa>Prowincjonalny</nazwa>
		<cena waluta="zł">14.99</cena>
		<kaloryczność jednostka="kcal">630</kaloryczność>
	</burger>
	<burger mięsność="mięsny" 
			data_wprowadzenia="2018-10-12"
			składniki="bułka-pszenna mięso-wołowe sos-serowy-chili sos-sojowy ketchup majonez musztarda">
		<nazwa>Burger Pięciu  Smaków</nazwa>
		<cena waluta="zł">13.99</cena>
		<kaloryczność jednostka="kcal">550</kaloryczność>
	</burger>
	<burger mięsność="wegetariański" 
			data_wprowadzenia="2018-10-14"
			składniki="bułka-żytnia jajko sałata pomidor ogórek cebula">
		<nazwa>Jajeczko Z Warzywkami</nazwa>
		<cena waluta="zł">12.99</cena>
		<kaloryczność jednostka="kcal">520</kaloryczność>
	</burger>
	<burger mięsność="mięsny" 
			data_wprowadzenia="2018-11-11"
			składniki="bułka-pszenna-sezam mięso-wołowe ser pomidor sałata piri-piri chili">
		<nazwa>Boruta Burger</nazwa>
		<cena waluta="zł">15.99</cena>
		<kaloryczność jednostka="kcal">710</kaloryczność>
	</burger>
	<burger mięsność="mięsny" 
			data_wprowadzenia="2018-08-09"
			składniki="bułka-pszenna-sezam mięso-wołowe mięso-wołowe ser pomidor sałata ogórek ketchup">
		<nazwa>Dwie Krowy</nazwa>
		<cena waluta="zł">17.99</cena>
		<kaloryczność jednostka="kcal">810</kaloryczność>
	</burger>
	<burger mięsność="wegański" 
			data_wprowadzenia="2018-11-10"
			składniki="bułka-żytnia falafel pomidor sałata rukola prażone-orzechy papryka ketchup ogórek">
		<nazwa>Falafel Z Bukietem Sałat</nazwa>
		<cena waluta="zł">15.99</cena>
		<kaloryczność jednostka="kcal">370</kaloryczność>
	</burger>
	<burger mięsność="mięsny" 
			data_wprowadzenia="2018-05-07"
			składniki="bułka-żytnia łosoś rukola prażone-orzechy krewetki">
		<nazwa>RypkaBurger</nazwa>
		<cena waluta="zł">16.99</cena>
		<kaloryczność jednostka="kcal">550</kaloryczność>
	</burger>
	<burger mięsność="mięsny" 
			data_wprowadzenia="2018-06-12"
			składniki="bułka-pszenna mięso-wieprzowe mięso-wieprzowe mięso-wieprzowe ser ser pomidor sałata cebula ogórek ketchup">
		<nazwa>Trzy Świnki</nazwa>
		<cena waluta="zł">19.99</cena>
		<kaloryczność jednostka="kcal">1100</kaloryczność>
	</burger>
	<burger mięsność="mięsny" 
			data_wprowadzenia="2018-10-02"
			składniki="bułka-pszenna mięso-wołowe mięso-wieprzowe mięso-drobiowe boczek ketchup ser cebula">
		<nazwa>CzteryMięsaBurger</nazwa>
		<cena waluta="zł">19.99</cena>
		<kaloryczność jednostka="kcal">1200</kaloryczność>
	</burger>
	<burger mięsność="mięsny" 
			data_wprowadzenia="2018-08-31"
			składniki="bułka-żytnia ser ser pomidor sałata ogórek cebula rukola ketchup">
		<nazwa>Ser I Warzywa</nazwa>
		<cena waluta="zł">14.99</cena>
		<kaloryczność jednostka="kcal">430</kaloryczność>
	</burger>
	<burger mięsność="mięsny" 
			data_wprowadzenia="2018-03-21"
			składniki="bułka-pszenna-sezam mięso-drobiowe mięso-drobiowe pomidor ketchup ser cebula">
		<nazwa>Double KurczakBurger</nazwa>
		<cena waluta="zł">12.99</cena>
		<kaloryczność jednostka="kcal">610</kaloryczność>
	</burger>
	<burger mięsność="wegetariański" 
			data_wprowadzenia="2018-06-24"
			składniki="bułka-pszenna jajko jajko cebula sałata pomidor">
		<nazwa>JajecznicaBurger</nazwa>
		<cena waluta="zł">11.99</cena>
		<kaloryczność jednostka="kcal">520</kaloryczność>
	</burger>
	<burger mięsność="mięsny" 
			data_wprowadzenia="2018-05-25"
			składniki="bułka-pszenna-sezam mięso-wołowe krewetki rukola prażone-orzechy">
		<nazwa>Egzotyczny Burger</nazwa>
		<cena waluta="zł">15.99</cena>
		<kaloryczność jednostka="kcal">570</kaloryczność>
	</burger>
	<burger mięsność="mięsny" 
			data_wprowadzenia="2018-12-26"
			składniki="bułka-żytnia krewetki rukola pomidor ogórek papryka">
		<nazwa>Sałatka "Owoce Morza"</nazwa>
		<cena waluta="zł">15.99</cena>
		<kaloryczność jednostka="kcal">480</kaloryczność>
	</burger>
	<burger mięsność="mięsny" 
			data_wprowadzenia="2018-11-27"
			składniki="bułka-pszenna ser boczek ketchup majonez">
		<nazwa>Ser-Boczek</nazwa>
		<cena waluta="zł">10.99</cena>
		<kaloryczność jednostka="kcal">510</kaloryczność>
	</burger>
</burgerownia>